Plot_Code,Stem_number,Species,DBH_cm,Condition,Biomass,,
SG01,1,A,65.73,A,4811.68,,
SG01,2,B,19.26,Dead,235.05,,
SG01,3,C,12.1,A,73.19,,
SG01,4,D,15.63,A,139.38,,
SG01,5,B,10.74,A,54.15,,
SG01,6,D,16.68,A,164.06,,
SG01,7,A,58.25,A,3589.17,,
SG01,8,C,32.85,A,883.61,,
SG01,9,S,13.05,A,88.56,,
SG01,10,D,10.19,A,47.4,,
SG01,11,A,58.25,A,3589.17,,
SG01,12,A,52.2,A,2748.6,,
SG01,13,A,52.84,A,2831.42,,
SG01,14,F,33.17,A,904.97,,
SG01,15,C,10.06,A,45.88,,
SG01,16,C,14.96,A,124.87,,
SG01,17,C,10.79,A,54.79,,
SG01,18,D,10.5,A,51.14,,
SG01,19,G,23.4,A,381.72,,
SG01,20,G,16.23,A,153.19,,
SG01,21,H,24.7,A,436.56,,
SG01,22,H,16.71,A,164.8,,
SG01,23,B,11.14,A,59.4,,
SG01,24,G,63.98,A,4507.07,,
SG01,25,I,20.85,A,286.47,,
SG01,26,G,55.32,A,3165.88,,
SG01,27,K,40.74,A,1499.78,,
SG01,28,J,32.79,A,879.64,,
SG01,29,K,29.7,A,689.05,,
SG01,30,K,43.29,A,1740.25,,
SG01,31,K,102.4,A,14002.42,,
SG01,32,T,15.6,A,138.71,,
SG01,33,L,11.65,Dead,66.51,,
SG01,34,L,13.62,A,98.63,,
SG01,35,L,12.48,A,79.13,,
SG01,36,I,43.93,A,1803.89,,
SG01,37,L,46.95,A,2122.28,,
SG01,38,H,13.69,A,99.91,,
SG01,39,-,10.92,Dead,56.48,,
SG01,40,B,28.97,A,647.96,,
SG01,41,L,12.89,A,85.85,,
SG01,42,M,37.31,A,1208.64,,
SG01,43,I,10.92,A,56.48,,
SG01,44,L,14.01,A,105.89,,
SG01,45,L,12.67,A,82.21,,
SG01,46,L,11.62,A,66.08,,
SG01,47,F,34.79,A,1017.71,,
SG01,48,H,17.03,A,172.81,,
SG01,49,U,11.78,A,68.4,,
SG01,50,F,30.4,A,729.85,,
SG01,51,F,33.1,A,900.28,,
SG01,52,-,17.51,Dead,185.26,,
SG01,53,H,11.05,A,58.19,,
SG01,54,H,16.71,A,164.8,,
SG01,55,N,47.43,A,2175.66,,
SG01,56,O,29.44,A,674.25,,
SG01,57,P,24.83,A,442.29,,
SG01,58,J,33.42,A,921.87,,
SG01,59,J,31.83,A,817.51,,
SG01,60,J,32.79,A,879.64,,
SG01,61,Q,22.92,A,362.56,,
SG01,62,Q,10.5,A,51.14,,
SG01,63,-,27.06,Dead,547.36,,
SG01,64,K,71.3,A,5858.62,,
SG01,65,-,10.98,Dead,57.26,,
SG01,66,R,15.69,A,140.73,,
SG01,67,Q,30.88,A,758.63,,
SG01,68,D,14.01,A,105.89,,
SG01,69,F,15.28,A,131.68,,
SG02,1,V,27.88,A,589.33,,
SG02,2,-,23.4,Dead,381.72,,
SG02,3,C,16.55,A,160.87,,
SG02,4,C,18.14,A,202.38,,
SG02,5,-,20.66,Dead,280.01,,
SG02,6,H,14.32,A,111.88,,
SG02,7,W,37.82,A,1249.62,,
SG02,8,-,23.24,Dead,375.27,,
SG02,9,C,21.8,A,320.08,,
SG02,10,-,16.17,Dead,151.78,,
SG02,11,L,10.12,A,46.58,,
SG02,12,H,12.29,A,76.13,,
SG02,13,B,15.25,A,131.04,,
SG02,14,C2,13.75,A,101.01,,
SG02,15,M,18.62,A,216.03,,
SG02,16,X,16.65,A,163.32,,
SG02,17,H,11.55,A,65.08,,
SG02,18,H,13.62,A,98.63,,
SG02,19,H,23.97,A,405.24,,
SG02,20,L,11.62,A,66.08,,
SG02,21,L,14.2,A,109.54,,
SG02,22,L,11.43,A,63.39,,
SG02,23,-,19.32,Dead,236.89,,
SG02,24,L,15.41,A,134.51,,
SG02,25,H,12.61,A,81.23,,
SG02,26,K,17.79,A,192.76,,
SG02,27,H,10.19,A,47.4,,
SG02,28,B,64.14,A,4534.45,,
SG02,29,J,15.76,A,142.31,,
SG02,30,C,21.71,A,316.8,,
SG02,31,F,33.9,A,954.82,,
SG02,32,I,11.4,A,62.97,,
SG02,33,Y,54.69,A,3078.87,,
SG02,34,Y,34,A,961.77,,
SG02,35,-,11.87,Dead,69.73,,
SG02,36,C,10.57,A,52.01,,
SG02,37,Z,35.91,A,1100.21,,
SG02,38,L,23.46,A,384.16,,
SG02,39,C,21.29,A,301.76,,
SG02,40,A2,66.37,A,4925.96,,
SG02,41,H,32.47,A,858.64,,
SG02,42,E,10.92,A,56.48,,
SG02,43,L,16.01,A,148.04,,
SG02,44,Q,21.9,A,323.75,,
SG02,45,H,23.94,A,403.98,,
SG02,46,H,19.58,A,244.92,,
SG02,47,H,12.89,A,85.85,,
SG02,48,L,11.17,A,59.8,,
SG02,49,E,11.62,A,66.08,,
SG02,50,E,14.48,A,115.05,,
SG02,51,E,12.57,A,80.58,,
SG02,52,L,11.01,A,57.66,,
SG02,53,M,28.49,A,621.74,,
SG02,54,E,12.1,A,73.19,,
SG02,55,C,25.27,A,461.98,,
SG02,56,H,36.13,A,1116.85,,
SG02,57,H,17.28,A,179.23,,
SG02,58,L,15.5,A,136.49,,
SG02,59,-,15.12,Dead,128.25,,
SG02,60,M,28.81,A,639.15,,
SG02,61,L,10.38,A,49.67,,
SG02,62,L,18.94,A,225.43,,
SG02,63,B2,49.5,A,2414.77,,
SG02,64,C,15.34,A,132.99,,
SG02,65,H,43.45,A,1756.03,,
SG02,66,L,18.78,A,220.7,,
SG02,67,L,23.52,A,386.6,,
SG02,68,L,13.05,A,88.56,,
SG02,69,H,13.53,A,97,,
SG02,70,W,13.37,A,94.13,,
SG02,71,W,10.82,A,55.18,,
SG02,72,H,21.8,A,320.08,,
SG02,73,M,10.82,A,55.18,,
SG02,74,W,18.78,A,220.7,,
SG02,75,W,12.89,A,85.85,,
SG02,76,H,18.11,A,201.55,,
SG02,77,D2,21.49,A,308.87,,
SG02,78,H,32.31,A,848.24,,
SG02,79,W,14.64,A,118.27,,
SG02,80,M,23.4,A,381.72,,
SG02,81,L,13.21,A,91.32,,
SG02,82,C2,13.11,A,89.59,,
SG02,83,W,34.38,A,988.45,,
SG02,84,L,54.11,A,2999.99,,
SG02,85,H,16.87,A,168.78,,
SG02,86,C,10.98,A,57.26,,
SG02,87,I,22.6,A,350.1,,
SG02,88,C2,31.83,A,817.51,,
SG02,89,H,15.12,A,128.25,,
SG02,90,W,19.1,A,230.21,,
SG02,91,L,38.36,A,1293.89,,
SG02,92,H,14.93,A,124.24,,
SG02,93,C,20.91,A,288.53,,
SG02,94,C,20.69,A,281.02,,
SG02,95,H,23.71,A,394.41,,
SG02,96,W,27.57,A,573.25,,
SG02,97,C,15.41,A,134.51,,
SG02,98,C,11.08,A,58.59,,
SG02,99,C,12.32,A,76.6,,
SG02,100,H,68.75,A,5364.57,,
SG02,101,I,10.31,A,48.83,,
SG02,102,C,12.51,A,79.61,,
SG02,103,-,29.41,Dead,672.55,,
SG02,104,H,44.88,A,1900.81,,
SG02,105,H,14.23,A,110.12,,
SG02,106,C,27.15,A,551.88,,
SG02,107,C,21.36,A,304.24,,
SG02,108,V,30.08,A,711.03,,
SG02,109,W,40.71,A,1497.07,,
SG02,110,,28.65,A,630.41,,
SG02,111,,28.65,A,630.41,,
THA01,1,THAsp1,19.7,A,248.68,,
THA01,2,THAsp2,42,A,1616,,
THA01,3,THAsp2,48.1,A,2251.47,,
THA01,4,THAsp2,41.1,A,1532.47,,
THA01,5,THAsp2,43.9,A,1800.87,,
THA01,6,THAsp2,49,A,2355.69,,
THA01,7,THAsp2,59.2,A,3733.04,,
THA01,8,THAsp3,22.9,A,361.77,,
THA01,9,THAsp3,39.2,A,1364.54,,
THA01,10,THAsp2,34.7,A,1011.25,,
THA01,11,THAsp1,29.9,A,700.57,,
THA01,12,THAsp1,24.8,A,440.96,,
THA01,13,THAsp2,42,A,1616,,
THA01,14,THAsp2,34.7,A,1011.25,,
THA01,15,THAsp3,34.7,A,1011.25,,
THA01,16,THAsp2,46.5,A,2072.92,,
THA01,17,THAsp2,49,A,2355.69,,
THA01,18,THAsp2,41.4,A,1560.03,,
THA01,19,THAsp4,33.4,A,920.51,,
THA01,20,THAsp2,40.1,A,1442.67,,
THA01,21,THAsp5,59.2,A,3733.04,,
THA01,22,THAsp2,41.1,A,1532.47,,
THA01,23,THAsp6,37.2,A,1199.9,,
THA01,24,THAsp7,11.1,A,58.86,,
THA01,25,THAsp8,34.7,A,1011.25,,
THA01,26,THAsp9,39.8,A,1416.34,,
THA01,27,THAsp9,43,A,1711.85,,
THA01,28,THAsp10,34.7,A,1011.25,,
THA01,29,THAsp10,34.7,A,1011.25,,
THA01,30,THAsp10,40.1,A,1442.67,,
,,,,,biomass in kg,,
SK01,1,european beech,45.2,A,"1571,95",,
SK01,2,european hornbeam,26.3,A,"298,50",,
SK01,3,wych elm,35,A,"635,01",,
SK01,4,european beech,67.8,A,"3741,95",,
SK01,5,european hornbeam,73.4,A,"4490,82",,
SK01,6,woodland hawthorn,34.7,A,"620,73",,
SK01,7,european oak,93.5,A,"1889,38",,
SK01,8,silver birch,11,A,"40,45",,
SK01,9,european beech,24.5,A,"424,15",,
SK01,10,european beech,46.7,A,"1685,65",,
SK01,11,woodland hawthorn,54.8,A,"2075,35",,
SK01,12,silver birch,55.9,A,"1664,08",,
SK01,13,european beech,22.3,A,"346,83",,
SK01,14,scots pine,46.1,A,"1314,55",,
SK01,15,european beech,10.8,A,"73,55",,
SK01,16,wych elm,52.3,A,"1834,54",,
SK01,17,woodland hawthorn,21.1,A,"166,82",,
SK01,18,woodland hawthorn,18.7,A,"121,26",,
SK01,19,silver birch,55.6,A,"1643,73",,
SK01,20,european beech,34.5,A,"882,05",,
SK01,21,woodland hawthorn,23.5,A,"221,72",,
SK01,22,european beech,70,A,"4006,48",,
SK01,23,european beech,12.5,A,"100,55",,
SK01,24,wych elm,37.7,A,"772,72",,
SK01,25,silver birch,71,D,"2874,80",,
SK01,26,european beech,35.6,A,"943,30",,
SK01,27,european hornbeam,53.2,A,"1919,11",,
SK01,28,european aspen,31.1,A,"326,77",,
SK01,29,wych elm,45.7,A,"1284,63",,
SK01,30,european beech,55.2,A,"2410,49",,
SK01,31,european oak,102.4,A,"2266,18",,
SK01,32,european hornbeam,65.7,A,"3351,14",,
SK01,33,wych elm,24.5,A,"247,53",,
SK01,34,wych elm,46.9,A,"1375,66",,
SK01,35,european beech,33.2,A,"812,48",,
SK01,36,silver birch,35,A,"570,49",,
SK01,37,european beech,65.7,A,"3498,41",,
SK01,38,scots pine,32.1,D,"336,67",,
SK01,39,woodland hawthorn,26.7,A,"310,64",,
SK01,40,european beech,31.9,A,"497,04",,
SK01,41,silver birch,71.4,A,"2911,97",,
SK01,42,european aspen,56.7,A,"1506,73",,
SK01,43,wych elm,34.5,A,"611,32",,
SK01,44,wych elm,32.7,A,"530,64",,
SK01,45,wych elm,44,A,"1162,23",,
SK01,46,european beech,16.7,A,"186,85",,
SK01,47,european oak,90.1,A,"1754,46",,
SK01,48,european beech,34.1,A,"860,32",,
SK01,49,wych elm,18.9,A,"124,72",,
SK01,50,european oak,68.2,A,"1005,23",,
SK01,51,woodland hawthorn,44.5,A,"1197,44",,
SK01,52,european aspen,37.8,A,"536,89",,
SK01,53,european beech,44.7,A,"1534,99",,
SK01,54,wych elm,32.5,D,"522,11",,
SK01,55,silver birch,25.9,D,"286,59",,
SK01,56,european beech,43.4,A,"1441,08",,
SK01,57,european beech,54.6,A,"2354,80",,
SK01,58,european beech,33.6,A,"833,56",,
SK01,59,wych elm,19.8,A,"141,02",,
SK01,60,european beech,25.7,D,"469,83",,
SK01,61,wych elm,44.2,A,"1176,24",,
SK01,62,european hornbeam,13.7,A,"53,31",,
SK01,63,european oak,82.1,A,"1456,74",,
SK01,64,european beech,55.6,A,"2448,01",,
SK01,65,european beech,47.9,A,"1779,66",,
SK01,66,european beech,54,A,"2299,79",,
SK01,67,silver birch,43.6,A,"942,79",,
SK01,68,european beech,44.7,A,"1534,99",,
SK01,69,wych elm,54.7,A,"2065,36",,
SK01,70,wych elm,32.9,A,"539,26",,
SK01,71,european hornbeam,14.8,D,"65,37",,
SK01,72,european aspen,33.6,A,"397,83",,
SK01,73,european beech,37.8,A,"1072,39",,
SK01,74,european beech,43,A,"1412,82",,
SK01,75,woodland hawthorn,11.6,A,"34,35",,
SK01,76,european beech,21.4,A,"317,58",,
SK01,77,wych elm,44.6,D,"1204,56",,
SK01,78,european beech,32.9,A,"796,86",,
SK01,79,european oak,84.6,A,"1546,81",,
SK01,80,wych elm,67.8,A,"3641,55",,
SK01,81,european oak,66.7,A,"961,49",,
SK01,82,european beech,43.6,A,"1455,32",,
SK01,83,european beech,65.7,A,"3498,41",,
SK01,84,european beech,45.3,A,"1579,40",,
SK01,85,european beech,26.7,A,"509,81",,
SK01,86,wych elm,66.9,A,"3515,25",,
SK01,87,european aspen,43.1,A,"749,74",,
SK01,88,silver birch,43.5,A,"937,85",,
SK01,89,european beech,37.6,A,"1060,29",,
SK01,90,european hornbeam,15.7,D,"76,41",,
SK01,91,wych elm,44.7,A,"1211,71",,
SK01,92,wych elm,34.9,A,"630,22",,
SK01,93,european beech,32.4,A,"771,18",,
SK01,94,european beech,27.8,A,"555,79",,
SK01,95,wych elm,48.6,A,"1511,32",,
SK01,96,european beech,53.4,A,"2245,48",,
SK01,97,woodland hawthorn,22.5,A,"197,67",,
SK01,98,european beech,29.8,A,"644,83",,
SK01,99,european beech,46.3,A,"1654,92",,
SK01,100,wych elm,61.1,A,"2766,46",,
SK01,101,european aspen,32.1,A,"354,18",,
SK01,102,woodland hawthorn,24,A,"234,40",,
SK01,103,wych elm,47.6,A,"1430,56",,
SK01,104,wych elm,57.2,A,"2324,14",,
SK01,105,european oak,91.1,A,"1793,63",,
SK01,106,european beech,87.9,A,"6520,64",,
SK01,107,european aspen,41.2,A,"668,47",,
SK01,108,wych elm,33.7,A,"574,59",,
SK01,109,european hornbeam,18.7,A,"121,26",,
SK01,110,scots pine,67.7,A,"1746,33",,
SK01,111,woodland hawthorn,23.4,A,"219,24",,
SK01,112,silver birch,33.5,A,"565,63",,
SK01,113,wych elm,73.6,A,"4523,21",,
SK01,114,european beech,42.1,A,"1350,32",,
SK01,115,european beech,29.8,A,"644,83",,
SK01,116,european beech,32.1,A,"755,98",,
SK01,117,european beech,43.5,A,"1448,19",,
SK01,118,wych elm,46,A,"1307,03",,
SK01,119,european beech,52.4,A,"2156,49",,
SK01,120,wych elm,34.7,A,"620,73",,
SK01,121,wych elm,51.1,A,"1725,44",,
SK01,122,european aspen,39.9,A,"616,09",,
SK01,123,european oak,87.6,A,"1658,45",,
SK01,124,european beech,46.7,A,"1685,65",,
SK01,125,european hornbeam,16.8,A,"91,37",,
SK01,126,european beech,23.9,A,"402,25",,
SK02,1,european aspen,37.8,A,"536,89",,
SK02,2,wych elm,22.5,A,"197,67",,
SK02,3,silver birch,18.9,A,"139,44",,
SK02,4,european beech,67.7,A,"3730,16",,
SK02,5,european beech,89,A,"6696,43",,
SK02,6,european beech,17.4,A,"204,00",,
SK02,7,woodland hawthorn,44.4,A,"1190,35",,
SK02,8,silver birch,56.7,A,"1719,03",,
SK02,9,european beech,82,A,"5620,13",,
SK02,10,wych elm,44.1,A,"1169,22",,
SK02,11,wych elm,14.5,A,"61,93",,
SK02,12,wych elm,16.5,A,"87,12",,
SK02,13,wych elm,45.9,A,"1299,53",,
SK02,14,european hornbeam,51.2,A,"1734,37",,
SK02,15,european aspen,19.8,A,"103,56",,
SK02,16,european beech,28.7,A,"594,99",,
SK02,17,european beech,43,A,"1412,82",,
SK02,18,woodland hawthorn,11.3,A,"32,05",,
SK02,19,european beech,46.8,A,"1693,38",,
SK02,20,wych elm,33.4,A,"561,18",,
SK02,21,european oak,87.9,D,"1669,83",,
SK02,22,european beech,47.4,A,"1740,16",,
SK02,23,wych elm,55.2,A,"2115,60",,
SK02,24,european beech,32.2,A,"761,03",,
SK02,25,european beech,15.6,A,"161,51",,
SK02,26,wych elm,67.1,A,"3543,08",,
SK02,27,european hornbeam,44.7,A,"1211,71",,
SK02,28,european aspen,15.9,A,"59,25",,
SK02,29,european beech,23.4,A,"384,46",,
SK02,30,european beech,28.9,A,"603,89",,
SK02,31,wych elm,33.1,A,"547,96",,
SK02,32,silver birch,47.8,A,"1163,42",,
SK02,33,european beech,43.2,A,"1426,91",,
SK02,34,wych elm,19.9,A,"142,91",,
SK02,35,european beech,73.6,A,"4460,15",,
SK02,36,european beech,55.3,A,"2419,84",,
SK02,37,european beech,46,A,"1632,06",,
SK02,38,european beech,35.8,A,"954,67",,
SK02,39,european beech,52.4,A,"2156,49",,
SK02,40,european hornbeam,36.7,A,"719,76",,
SK02,41,european beech,33,A,"802,05",,
SK02,42,wych elm,15.8,A,"77,70",,
SK02,43,silver birch,19.9,A,"156,89",,
SK02,44,european beech,27.4,A,"538,82",,
SK02,45,wych elm,36.5,A,"709,44",,
SK02,46,european beech,44.9,A,"1549,72",,
SK02,47,wych elm,53.9,D,"1986,53",,
SK02,48,wych elm,65.4,D,"3310,88",,
SK02,49,european beech,37.8,A,"1072,39",,
SK02,50,european oak,78.9,A,"1345,39",,
SK02,51,european beech,78.8,A,"5161,40",,
SK02,52,wych elm,65.7,A,"3351,14",,
SK02,53,european beech,43.5,A,"1448,19",,
SK02,54,european beech,37.8,A,"1072,39",,
SK02,55,european beech,17.6,A,"209,05",,
SK02,56,european beech,32.6,A,"781,40",,
SK02,57,wych elm,67.4,A,"3585,07",,
SK02,58,european beech,48.1,A,"1795,59",,
SK02,59,european aspen,33,A,"380,00",,
SK02,60,european oak,92.3,A,"1841,19",,
SK02,61,wych elm,58.9,A,"2511,07",,
SK02,62,wych elm,57.6,A,"2367,31",,
SK02,63,european oak,94.3,D,"1921,84",,
SK02,64,european beech,55.8,A,"2466,88",,
SK02,65,european beech,53.9,A,"2290,69",,
SK02,66,wych elm,34.4,A,"606,65",,
SK02,67,european beech,23.7,A,"395,08",,
SK02,68,european beech,62.4,A,"3133,27",,
SK02,69,wych elm,32.1,A,"505,31",,
SK02,70,european aspen,18.8,A,"90,76",,
SK02,71,silver birch,19.4,A,"148,02",,
SK02,72,european hornbeam,26.4,A,"301,51",,
SK02,73,wych elm,37.3,A,"751,26",,
SK02,74,european oak,101.9,A,"2244,11",,
SK02,75,wych elm,46.8,A,"1367,93",,
SK02,76,silver birch,63,A,"2187,28",,
SK02,77,wych elm,43.7,A,"1141,41",,
SK02,78,european oak,78,A,"1314,87",,
SK02,79,european beech,44.7,A,"1534,99",,
SK02,80,european beech,53.9,A,"2290,69",,
SK02,81,wych elm,19.7,A,"139,15",,
SK02,82,european beech,25.7,A,"469,83",,
SK02,83,european beech,43.9,A,"1476,83",,
SK02,84,european oak,77.5,A,"1298,07",,
SK02,85,european hornbeam,55.7,A,"2166,60",,
SK02,86,european aspen,43.7,A,"776,59",,
SK02,87,wych elm,21.2,A,"168,91",,
SK02,88,european beech,47.1,A,"1716,68",,
SK02,89,european oak,65.9,A,"938,57",,
SK02,90,european oak,78.9,A,"1345,39",,
SK02,91,european beech,66.2,A,"3555,60",,
SK02,92,wych elm,27.1,A,"323,09",,
SK02,93,wych elm,33.8,A,"579,10",,
SK02,94,wych elm,45.6,A,"1277,22",,
SK02,95,silver birch,33.9,A,"530,33",,
SK02,96,european beech,43.1,A,"1419,86",,
SK02,97,european beech,27.8,A,"555,79",,
SK02,98,european beech,18.7,A,"237,99",,
SK02,99,silver birch,44.1,A,"967,69",,
SK02,100,european aspen,43.6,A,"772,08",,
SK02,101,wych elm,53.8,A,"1976,81",,
SK02,102,european beech,19.9,A,"271,86",,
SK02,103,wych elm,23.6,A,"224,23",,
SK02,104,european beech,66,A,"3532,67",,
SK02,105,woodland hawthorn,17.6,D,"103,32",,
SK02,106,silver birch,67.5,A,"2561,01",,
SK02,107,european beech,36.8,A,"1012,62",,
SK02,108,european beech,47.2,A,"1724,49",,
SK02,109,european beech,62.7,A,"3165,58",,
SK02,110,wych elm,33.3,A,"556,75",,
SK02,111,woodland hawthorn,11.7,A,"35,14",,
SK02,112,european hornbeam,21.5,A,"175,30",,
SK02,113,european beech,26.7,A,"509,81",,
